{"cameraMode":{"drawMode":0,"name":"Shaded","section":"Shading Mode"},"sceneLighting":false,"audioPlay":false,"sceneViewState":{"showFog":true,"showMaterialUpdate":false,"showSkybox":false,"showFlares":true,"showImageEffects":true,"showParticleSystems":true},"in2DMode":false,"pivot":{"x":-0.11211887747049332,"y":0.5218704342842102,"z":0.151308074593544},"rotation":{"x":-0.1381315290927887,"y":-0.15945875644683839,"z":0.022530192509293557,"w":-0.9773058891296387},"size":1.2653285264968873,"orthographic":false}