{"cameraMode":{"drawMode":0,"name":"Shaded","section":"Shading Mode"},"sceneLighting":true,"audioPlay":false,"sceneViewState":{"showFog":true,"showMaterialUpdate":false,"showSkybox":true,"showFlares":true,"showImageEffects":true,"showParticleSystems":true},"in2DMode":false,"pivot":{"x":1.4380042552947999,"y":-0.5691804885864258,"z":-5.039275646209717},"rotation":{"x":0.12548412382602693,"y":0.36855268478393557,"z":-0.050349995493888858,"w":0.9198578596115112},"size":8.649999618530274,"orthographic":false}